--
-- Script was generated by Devart dbForge Data Generator for SQL Server, Version 4.2.76.0
-- Product Home Page: http://www.devart.com/dbforge/sql/data-generator/
-- Script date 21/03/2021 20:05:58
-- Target server version: 12.0.2000.8
-- Target connection string: Connection Timeout=30;Data Source=DESKTOP-NOV13GB\SQLEXPRESS;Encrypt=False;MultipleActiveResultSets=False;Integrated Security=True;Packet Size=4096;TrustServerCertificate=False;User ID=DESKTOP-NOV13GB\Ofer
--



SET LANGUAGE 'English'
SET DATEFORMAT ymd
SET ARITHABORT, ANSI_PADDING, ANSI_WARNINGS, CONCAT_NULL_YIELDS_NULL, QUOTED_IDENTIFIER, ANSI_NULLS, NOCOUNT ON
SET NUMERIC_ROUNDABORT, IMPLICIT_TRANSACTIONS, XACT_ABORT OFF
GO

--
-- Backing up database Spotify
--
--
-- Create backup folder
--
IF OBJECT_ID('xp_create_subdir') IS NOT NULL
  EXEC xp_create_subdir N'C:\Program Files\Microsoft SQL Server\MSSQL12.SQLEXPRESS\MSSQL\Backup'
--
-- Backup database to the file with the name: <database_name>_<yyyy>_<mm>_<dd>_<hh>_<mi>.bak
--
DECLARE @db_name SYSNAME
SET @db_name = N'Spotify'

DECLARE @filepath NVARCHAR(4000)
SET @filepath =
/*define base part*/ N'C:\Program Files\Microsoft SQL Server\MSSQL12.SQLEXPRESS\MSSQL\Backup\' + @db_name + '_' +
/*append date*/ REPLACE(CONVERT(NVARCHAR(10), GETDATE(), 102), '.', '_') + '_' +
/*append time*/ REPLACE(CONVERT(NVARCHAR(5), GETDATE(), 108), ':', '_') + '.bak'

DECLARE @SQL NVARCHAR(MAX)
SET @SQL = 
    N'BACKUP DATABASE ' + QUOTENAME(@db_name) + ' TO DISK = @filepath WITH INIT' + 
      CASE WHEN EXISTS(
                SELECT value
                FROM sys.configurations
                WHERE name = 'backup compression default'
          )
        THEN ', COMPRESSION'
        ELSE ''
      END

EXEC sys.sp_executesql @SQL, N'@filepath NVARCHAR(4000)', @filepath = @filepath
GO

USE Spotify
GO

IF DB_NAME() <> N'Spotify' SET NOEXEC ON
GO
--
-- Delete data from the table 'dbo.PlaylistSong'
--
TRUNCATE TABLE dbo.PlaylistSong
GO
--
-- Delete data from the table 'dbo.PerformingArtist'
--
TRUNCATE TABLE dbo.PerformingArtist
GO
--
-- Delete data from the table 'dbo.Song'
--
DELETE dbo.Song
GO
--
-- Delete data from the table 'dbo.Playlist'
--
DELETE dbo.Playlist
GO
--
-- Delete data from the table 'dbo.Album'
--
DELETE dbo.Album
GO
--
-- Delete data from the table 'dbo.RegisteredUser'
--
DELETE dbo.RegisteredUser
GO
--
-- Delete data from the table 'dbo.Genre'
--
DELETE dbo.Genre
GO
--
-- Delete data from the table 'dbo.Artist'
--
DELETE dbo.Artist
GO

--
-- Inserting data into table dbo.Artist
--
INSERT dbo.Artist(artistID, artistFirstName, artistLastName, artistDateOfBirth, artistCountry) VALUES (1, N'Abraham', N'Mckee', '1970-01-04', N'Argentina')
INSERT dbo.Artist(artistID, artistFirstName, artistLastName, artistDateOfBirth, artistCountry) VALUES (2, N'Reinaldo', N'Eubanks', '1973-11-09', N'Kuwait')
INSERT dbo.Artist(artistID, artistFirstName, artistLastName, artistDateOfBirth, artistCountry) VALUES (3, N'Elijah', N'Hand', '1970-01-08', N'Bangladesh')
INSERT dbo.Artist(artistID, artistFirstName, artistLastName, artistDateOfBirth, artistCountry) VALUES (4, N'Tanner', N'Abney', '1976-03-24', N'Netherlands')
INSERT dbo.Artist(artistID, artistFirstName, artistLastName, artistDateOfBirth, artistCountry) VALUES (5, N'Jewel', N'Evans', '2008-08-26', N'Zimbabwe')
INSERT dbo.Artist(artistID, artistFirstName, artistLastName, artistDateOfBirth, artistCountry) VALUES (6, N'Alfonso', N'Bowens', '1996-08-11', N'Suriname')
INSERT dbo.Artist(artistID, artistFirstName, artistLastName, artistDateOfBirth, artistCountry) VALUES (7, N'Jason', N'Stanley', '1989-11-16', N'Peru')
INSERT dbo.Artist(artistID, artistFirstName, artistLastName, artistDateOfBirth, artistCountry) VALUES (8, N'Rico', N'Handley', '2007-03-31', N'Belgium')
INSERT dbo.Artist(artistID, artistFirstName, artistLastName, artistDateOfBirth, artistCountry) VALUES (9, N'Yasmine', N'Everett', '1990-11-19', N'Indonesia')
INSERT dbo.Artist(artistID, artistFirstName, artistLastName, artistDateOfBirth, artistCountry) VALUES (10, N'Darcey', N'Lowry', '2017-01-06', N'Lebanon')
INSERT dbo.Artist(artistID, artistFirstName, artistLastName, artistDateOfBirth, artistCountry) VALUES (11, N'Rodney', N'Wicks', '1971-10-01', N'Spain')
INSERT dbo.Artist(artistID, artistFirstName, artistLastName, artistDateOfBirth, artistCountry) VALUES (12, N'Latoya', N'Abraham', '1979-04-23', N'Austria')
INSERT dbo.Artist(artistID, artistFirstName, artistLastName, artistDateOfBirth, artistCountry) VALUES (13, N'Jesus', N'Pelletier', '2020-03-03', N'Australia')
INSERT dbo.Artist(artistID, artistFirstName, artistLastName, artistDateOfBirth, artistCountry) VALUES (14, N'Olimpia', N'Bower', '1970-03-07', N'Hungary')
INSERT dbo.Artist(artistID, artistFirstName, artistLastName, artistDateOfBirth, artistCountry) VALUES (15, N'Aurelia', N'Hutcheson', '1971-02-19', N'Romania')
INSERT dbo.Artist(artistID, artistFirstName, artistLastName, artistDateOfBirth, artistCountry) VALUES (16, N'Freeman', N'Stanton', '1985-05-15', N'Swaziland')
INSERT dbo.Artist(artistID, artistFirstName, artistLastName, artistDateOfBirth, artistCountry) VALUES (17, N'Brent', N'Handy', '1970-01-25', N'Vietnam')
INSERT dbo.Artist(artistID, artistFirstName, artistLastName, artistDateOfBirth, artistCountry) VALUES (18, N'Anglea', N'Everhart', '2016-12-12', N'Turkey')
INSERT dbo.Artist(artistID, artistFirstName, artistLastName, artistDateOfBirth, artistCountry) VALUES (19, N'Desirae', N'Abrams', '1987-05-28', N'Swaziland')
INSERT dbo.Artist(artistID, artistFirstName, artistLastName, artistDateOfBirth, artistCountry) VALUES (20, N'Cleo', N'Bowers', '1979-06-16', N'Fiji')
INSERT dbo.Artist(artistID, artistFirstName, artistLastName, artistDateOfBirth, artistCountry) VALUES (21, N'Clint', N'Abreu', '1991-03-20', N'Australia')
INSERT dbo.Artist(artistID, artistFirstName, artistLastName, artistDateOfBirth, artistCountry) VALUES (22, N'Patience', N'Wiese', '1981-01-04', N'Estonia')
INSERT dbo.Artist(artistID, artistFirstName, artistLastName, artistDateOfBirth, artistCountry) VALUES (23, N'Agustin', N'Loy', '1993-12-11', N'Canada')
INSERT dbo.Artist(artistID, artistFirstName, artistLastName, artistDateOfBirth, artistCountry) VALUES (24, N'Josh', N'Hutchings', '2016-07-09', N'Cyprus')
INSERT dbo.Artist(artistID, artistFirstName, artistLastName, artistDateOfBirth, artistCountry) VALUES (25, N'Ada', N'Staples', '1970-01-10', N'Namibia')
INSERT dbo.Artist(artistID, artistFirstName, artistLastName, artistDateOfBirth, artistCountry) VALUES (26, N'Margherita', N'Wiggins', '2001-07-22', N'Panama')
INSERT dbo.Artist(artistID, artistFirstName, artistLastName, artistDateOfBirth, artistCountry) VALUES (27, N'Carlita', N'Mckeever', '2013-06-09', N'Saudi Arabia')
INSERT dbo.Artist(artistID, artistFirstName, artistLastName, artistDateOfBirth, artistCountry) VALUES (28, N'Adolph', N'Peltier', '2002-02-11', N'Bahrain')
INSERT dbo.Artist(artistID, artistFirstName, artistLastName, artistDateOfBirth, artistCountry) VALUES (29, N'Britt', N'Mckenna', '1990-10-08', N'Ghana')
INSERT dbo.Artist(artistID, artistFirstName, artistLastName, artistDateOfBirth, artistCountry) VALUES (30, N'Blair', N'Stapleton', '1970-12-07', N'Zambia')
INSERT dbo.Artist(artistID, artistFirstName, artistLastName, artistDateOfBirth, artistCountry) VALUES (31, N'Fritz', N'Wilbanks', '1970-01-04', N'Belize')
INSERT dbo.Artist(artistID, artistFirstName, artistLastName, artistDateOfBirth, artistCountry) VALUES (32, N'Maddie', N'Pemberton', '1977-08-24', N'France')
INSERT dbo.Artist(artistID, artistFirstName, artistLastName, artistDateOfBirth, artistCountry) VALUES (33, N'Adrianne', N'Loyd', '1972-09-17', N'Afghanistan')
INSERT dbo.Artist(artistID, artistFirstName, artistLastName, artistDateOfBirth, artistCountry) VALUES (34, N'Mittie', N'Hutchins', '1984-08-30', N'Canada')
INSERT dbo.Artist(artistID, artistFirstName, artistLastName, artistDateOfBirth, artistCountry) VALUES (35, N'Ellis', N'Starkey', '1987-07-13', N'Panama')
INSERT dbo.Artist(artistID, artistFirstName, artistLastName, artistDateOfBirth, artistCountry) VALUES (36, N'Roland', N'Wilbur', '1991-09-03', N'Peru')
INSERT dbo.Artist(artistID, artistFirstName, artistLastName, artistDateOfBirth, artistCountry) VALUES (37, N'Samuel', N'Starks', '1993-11-04', N'Sierra Leone')
INSERT dbo.Artist(artistID, artistFirstName, artistLastName, artistDateOfBirth, artistCountry) VALUES (38, N'Arthur', N'Hanes', '1982-09-10', N'Gambia')
INSERT dbo.Artist(artistID, artistFirstName, artistLastName, artistDateOfBirth, artistCountry) VALUES (39, N'Rebecka', N'Mckenney', '1971-08-25', N'Lebanon')
INSERT dbo.Artist(artistID, artistFirstName, artistLastName, artistDateOfBirth, artistCountry) VALUES (40, N'Selena', N'Pena', '1989-09-12', N'Tunisia')
INSERT dbo.Artist(artistID, artistFirstName, artistLastName, artistDateOfBirth, artistCountry) VALUES (41, N'Albertina', N'Wilburn', '1975-01-27', N'Bangladesh')
INSERT dbo.Artist(artistID, artistFirstName, artistLastName, artistDateOfBirth, artistCountry) VALUES (42, N'Kelley', N'Evers', '1970-02-07', N'Tunisia')
INSERT dbo.Artist(artistID, artistFirstName, artistLastName, artistDateOfBirth, artistCountry) VALUES (43, N'Felicia', N'Haney', '1970-01-13', N'Malaysia')
INSERT dbo.Artist(artistID, artistFirstName, artistLastName, artistDateOfBirth, artistCountry) VALUES (44, N'Wally', N'Ewing', '1989-02-11', N'Slovenia')
INSERT dbo.Artist(artistID, artistFirstName, artistLastName, artistDateOfBirth, artistCountry) VALUES (45, N'Oren', N'Starling', '1975-01-24', N'Slovakia')
INSERT dbo.Artist(artistID, artistFirstName, artistLastName, artistDateOfBirth, artistCountry) VALUES (46, N'Dong', N'Hankins', '1996-12-02', N'Hungary')
INSERT dbo.Artist(artistID, artistFirstName, artistLastName, artistDateOfBirth, artistCountry) VALUES (47, N'Cristobal', N'Ezell', '1970-11-03', N'Sierra Leone')
INSERT dbo.Artist(artistID, artistFirstName, artistLastName, artistDateOfBirth, artistCountry) VALUES (48, N'Harley', N'Bowie', '1976-12-20', N'Norway')
INSERT dbo.Artist(artistID, artistFirstName, artistLastName, artistDateOfBirth, artistCountry) VALUES (49, N'Cornell', N'Hanks', '1971-03-16', N'Brazil')
INSERT dbo.Artist(artistID, artistFirstName, artistLastName, artistDateOfBirth, artistCountry) VALUES (50, N'Glenn', N'Wilcox', '2017-12-21', N'Cuba')
GO

--
-- Inserting data into table dbo.Genre
--
INSERT dbo.Genre(genreName, genreDescription) VALUES (N'goznqucrdfexslyjtkwm', N'Dolor iusto consequatur. Error labore. Amet harum. Et nemo. Porro consequatur.')
INSERT dbo.Genre(genreName, genreDescription) VALUES (N'dquxpgj', NULL)
INSERT dbo.Genre(genreName, genreDescription) VALUES (N'abistvlhfzxem', N'Et nam. Aliquam nostrum doloremque ratione. Natus aut qui dolorem.')
INSERT dbo.Genre(genreName, genreDescription) VALUES (N'abistvlhfzxeu', N'Dolorum cumque voluptas cumque. Eos sed quibusdam? Quo illum. Voluptates.')
INSERT dbo.Genre(genreName, genreDescription) VALUES (N'acqkhwoufme', N'Deleniti dolor doloremque suscipit veniam.')
INSERT dbo.Genre(genreName, genreDescription) VALUES (N'dquxpgk', NULL)
INSERT dbo.Genre(genreName, genreDescription) VALUES (N'vmyqxdgwtnockir', N'Commodi veritatis iste sequi assumenda. Nostrum veniam. Et eveniet.')
INSERT dbo.Genre(genreName, genreDescription) VALUES (N'auck', N'Qui sit voluptatibus nisi nostrum...')
INSERT dbo.Genre(genreName, genreDescription) VALUES (N'vmyqxdgwtnockil', N'Dolores impedit. Qui dolor vero dolore odit. Praesentium suscipit; ducimus.')
INSERT dbo.Genre(genreName, genreDescription) VALUES (N'fgowaqtryd', N'Laboriosam molestias quis; et corrupti omnis dolores. Molestiae nam.')
INSERT dbo.Genre(genreName, genreDescription) VALUES (N'kzduptsrqonlcevm', N'Ut eum voluptatem sed molestias.')
INSERT dbo.Genre(genreName, genreDescription) VALUES (N'dta', N'Deserunt recusandae voluptates harum; quis ab. Maxime aliquam. Voluptate eos!')
INSERT dbo.Genre(genreName, genreDescription) VALUES (N'acqkhwoufmv', NULL)
INSERT dbo.Genre(genreName, genreDescription) VALUES (N'moyrd', N'Ut autem atque rerum hic. Numquam cumque! Omnis ut; ea unde. Magni quam...')
INSERT dbo.Genre(genreName, genreDescription) VALUES (N'goznqucrdfexslyjtkwi', N'Nulla sequi dicta quas. Eius ipsum? Cumque explicabo. Accusamus debitis.')
INSERT dbo.Genre(genreName, genreDescription) VALUES (N'fgowaqtrye', N'Voluptatem nam perspiciatis. Eos qui. Vero quia est impedit!')
INSERT dbo.Genre(genreName, genreDescription) VALUES (N'goznqucrdfexslyjtkwv', N'Ad maxime. Similique iste fugiat. Voluptatibus et iste...')
INSERT dbo.Genre(genreName, genreDescription) VALUES (N'dquxpgw', N'Voluptatem facere repudiandae unde soluta. Eius quia. Voluptatem tempora.')
INSERT dbo.Genre(genreName, genreDescription) VALUES (N'vmyqxdgwtnockij', N'Tenetur non sapiente voluptas autem...')
INSERT dbo.Genre(genreName, genreDescription) VALUES (N'j', N'Illo sit quia architecto a. Nesciunt voluptatem perspiciatis sed obcaecati.')
INSERT dbo.Genre(genreName, genreDescription) VALUES (N'echoamnuz', N'Error sed et est. Nemo et. Dignissimos illum. Consequatur deleniti;')
INSERT dbo.Genre(genreName, genreDescription) VALUES (N'moyru', N'Perspiciatis eius. Et sit. Incidunt recusandae ducimus rerum? Sed nulla...')
INSERT dbo.Genre(genreName, genreDescription) VALUES (N'aucr', N'Consequatur et consequatur odio; explicabo quia nam. In magni incidunt.')
INSERT dbo.Genre(genreName, genreDescription) VALUES (N'yg', N'Consequatur ea. Deleniti vitae facere. Error nam omnis sunt facere!')
INSERT dbo.Genre(genreName, genreDescription) VALUES (N'mhgjwridscek', NULL)
INSERT dbo.Genre(genreName, genreDescription) VALUES (N'aucy', NULL)
INSERT dbo.Genre(genreName, genreDescription) VALUES (N'kzduptsrqonlcevx', N'Ut itaque aperiam voluptate dolorum. Dolorem rerum quibusdam magnam natus.')
INSERT dbo.Genre(genreName, genreDescription) VALUES (N'gtjqrmzv', N'Amet dolorem. Quia reprehenderit dolorem nisi. Qui aut repudiandae;')
INSERT dbo.Genre(genreName, genreDescription) VALUES (N'fgowaqtryp', N'Eaque quod sed ut unde.')
INSERT dbo.Genre(genreName, genreDescription) VALUES (N'iubeoc', N'Natus aliquam animi. Minima aut eius nihil; sit doloremque.')
INSERT dbo.Genre(genreName, genreDescription) VALUES (N'fgowaqtryl', N'Corporis maxime distinctio ut maxime. Suscipit dolore. Eos distinctio. Et.')
INSERT dbo.Genre(genreName, genreDescription) VALUES (N'aucv', N'Animi obcaecati qui molestiae nihil.')
INSERT dbo.Genre(genreName, genreDescription) VALUES (N'echoamnuq', N'Dolorem non. Nihil id ut rerum in!')
INSERT dbo.Genre(genreName, genreDescription) VALUES (N'hwkdgmsjovlcqx', N'Ad nihil sit iusto natus.')
INSERT dbo.Genre(genreName, genreDescription) VALUES (N'dquxpgv', N'Laboriosam perferendis voluptatem. Minima voluptatum sed aperiam expedita.')
INSERT dbo.Genre(genreName, genreDescription) VALUES (N'goznqucrdfexslyjtkwh', N'Qui esse inventore dolorum. Facilis sed eum ut! Aut et nihil.')
INSERT dbo.Genre(genreName, genreDescription) VALUES (N'kzduptsrqonlcevy', N'Quasi architecto autem nostrum. Omnis rerum id vitae ullam.')
INSERT dbo.Genre(genreName, genreDescription) VALUES (N'm', N'Sapiente eius sint aut rerum.')
INSERT dbo.Genre(genreName, genreDescription) VALUES (N'kzduptsrqonlcevf', N'Qui eligendi sequi. Quia et! Quam excepturi dolorem.')
INSERT dbo.Genre(genreName, genreDescription) VALUES (N'vmyqxdgwtnockih', N'Voluptates nesciunt voluptatibus voluptas. Unde error dolore voluptas;')
INSERT dbo.Genre(genreName, genreDescription) VALUES (N'echoamnup', N'Veniam velit laboriosam earum quam.')
INSERT dbo.Genre(genreName, genreDescription) VALUES (N'dtz', N'Perspiciatis labore nobis nostrum qui.')
INSERT dbo.Genre(genreName, genreDescription) VALUES (N'hwkdgmsjovlcqz', N'Sed natus iste at. Sit natus repudiandae voluptatem porro!')
INSERT dbo.Genre(genreName, genreDescription) VALUES (N'dquxpgb', N'Est minima unde et. Quod rem. Vel quidem? Qui a.')
INSERT dbo.Genre(genreName, genreDescription) VALUES (N'dquxpgh', N'Suscipit accusamus quis ut. Voluptates sequi perspiciatis deserunt soluta?')
INSERT dbo.Genre(genreName, genreDescription) VALUES (N'vmyqxdgwtnockif', N'Ut error. Ipsam est! Unde molestias id voluptas quia.')
INSERT dbo.Genre(genreName, genreDescription) VALUES (N'yv', N'Ea qui dicta aperiam dolorem...')
INSERT dbo.Genre(genreName, genreDescription) VALUES (N'auci', N'Velit numquam. Voluptatem doloremque ut iusto autem.')
INSERT dbo.Genre(genreName, genreDescription) VALUES (N'mhgjwridscex', N'Ut ipsum a qui ullam. Libero repellat. Et dicta! Obcaecati velit.')
INSERT dbo.Genre(genreName, genreDescription) VALUES (N'kzduptsrqonlceva', N'Quisquam fugit inventore. Iste est non fugiat! Officiis error; sed illum...')
GO

--
-- Inserting data into table dbo.RegisteredUser
--
INSERT dbo.RegisteredUser(registeredUserName, registeredUserFirstName, registeredUserLastName, registeredUserEmail, registeredUserPassword, registeredUserType) VALUES (N'Trent226', N'Trent', N'Hanes', N'f@_kY.s4', N'fiemvwsxibxndfcmfsoh', N'Premium')
INSERT dbo.RegisteredUser(registeredUserName, registeredUserFirstName, registeredUserLastName, registeredUserEmail, registeredUserPassword, registeredUserType) VALUES (N'Alexandra2015', N'Camila', N'Evers', N'7@pr.my', N'fsdxhvjkekxdqbxsuh', N'Premium')
INSERT dbo.RegisteredUser(registeredUserName, registeredUserFirstName, registeredUserLastName, registeredUserEmail, registeredUserPassword, registeredUserType) VALUES (N'Arsenault944', N'Ada', N'Haney', N'W0@_8E.d9', N'doukhealmi', N'Premium')
INSERT dbo.RegisteredUser(registeredUserName, registeredUserFirstName, registeredUserLastName, registeredUserEmail, registeredUserPassword, registeredUserType) VALUES (N'Cleary6', N'Kim', N'Herbert', N'Q@lv._1', N'xtgxebyift', N'Premium')
INSERT dbo.RegisteredUser(registeredUserName, registeredUserFirstName, registeredUserLastName, registeredUserEmail, registeredUserPassword, registeredUserType) VALUES (N'Adam1966', N'Jonas', N'Ewing', N'5@MdY._hj', N'nperfubiiryb', N'Premium')
INSERT dbo.RegisteredUser(registeredUserName, registeredUserFirstName, registeredUserLastName, registeredUserEmail, registeredUserPassword, registeredUserType) VALUES (N'Adelina79', N'Jazmin', N'Shelley', N'lX@3K._M', N'rjxhxtbdfznpaqdz', N'Premium')
INSERT dbo.RegisteredUser(registeredUserName, registeredUserFirstName, registeredUserLastName, registeredUserEmail, registeredUserPassword, registeredUserType) VALUES (N'Margorie3', N'Christen', N'Vallejo', N'8@QM1.MH3', N'yjveovqlvmpbehz', N'Premium')
INSERT dbo.RegisteredUser(registeredUserName, registeredUserFirstName, registeredUserLastName, registeredUserEmail, registeredUserPassword, registeredUserType) VALUES (N'Swanson4', N'Maragaret', N'Shelton', N'51@75.Ke_', N'cgzixz', N'Premium')
INSERT dbo.RegisteredUser(registeredUserName, registeredUserFirstName, registeredUserLastName, registeredUserEmail, registeredUserPassword, registeredUserType) VALUES (N'Lupita4', N'Norbert', N'Clements', N's@2d.B0', N'yjimdovrbkxtk', N'Premium')
INSERT dbo.RegisteredUser(registeredUserName, registeredUserFirstName, registeredUserLastName, registeredUserEmail, registeredUserPassword, registeredUserType) VALUES (N'Quintin42', N'Abbie', N'Hankins', N'N@Y04.8q9', N'yxnrmewqtwmyby', N'Premium')
INSERT dbo.RegisteredUser(registeredUserName, registeredUserFirstName, registeredUserLastName, registeredUserEmail, registeredUserPassword, registeredUserType) VALUES (N'Drummond36', N'Melvin', N'Larson', N'26@cvT.D_', N'ryiyb', N'Premium')
INSERT dbo.RegisteredUser(registeredUserName, registeredUserFirstName, registeredUserLastName, registeredUserEmail, registeredUserPassword, registeredUserType) VALUES (N'Milliken2004', N'Sebastian', N'Blackwood', N'0@5S.i1h', N'hlbxaopaznglw', N'Premium')
INSERT dbo.RegisteredUser(registeredUserName, registeredUserFirstName, registeredUserLastName, registeredUserEmail, registeredUserPassword, registeredUserType) VALUES (N'Elliot684', N'Graig', N'Heredia', N'_@In._7x', N'fweszctybjffziizwcpi', N'Premium')
INSERT dbo.RegisteredUser(registeredUserName, registeredUserFirstName, registeredUserLastName, registeredUserEmail, registeredUserPassword, registeredUserType) VALUES (N'Travis2026', N'Korey', N'Ezell', N'd@L3_.5Or', N'hbnpeqjhezgtwee', N'Premium')
INSERT dbo.RegisteredUser(registeredUserName, registeredUserFirstName, registeredUserLastName, registeredUserEmail, registeredUserPassword, registeredUserType) VALUES (N'Emmy64', N'Zackary', N'Clemmons', N'02@_5U.tE', N'owenquda', N'Premium')
INSERT dbo.RegisteredUser(registeredUserName, registeredUserFirstName, registeredUserLastName, registeredUserEmail, registeredUserPassword, registeredUserType) VALUES (N'Beau73', N'Adah', N'Blaine', N'eL@rP.tXB', N'dtqezgpnavrqcodk', N'Premium')
INSERT dbo.RegisteredUser(registeredUserName, registeredUserFirstName, registeredUserLastName, registeredUserEmail, registeredUserPassword, registeredUserType) VALUES (N'Brunilda8', N'Scott', N'Clemons', N'7@8__.pZ', N'tliqmqdhcwccmjlw', N'Premium')
INSERT dbo.RegisteredUser(registeredUserName, registeredUserFirstName, registeredUserLastName, registeredUserEmail, registeredUserPassword, registeredUserType) VALUES (N'Burgess1955', N'Millie', N'Blair', N'4@XV.7o', N'jszyddhczxzkkzf', N'Premium')
INSERT dbo.RegisteredUser(registeredUserName, registeredUserFirstName, registeredUserLastName, registeredUserEmail, registeredUserPassword, registeredUserType) VALUES (N'Perkins1963', N'Spencer', N'Valles', N'Bv@934.pmU', N'punpjmcbbqfwb', N'Premium')
INSERT dbo.RegisteredUser(registeredUserName, registeredUserFirstName, registeredUserLastName, registeredUserEmail, registeredUserPassword, registeredUserType) VALUES (N'Jovan494', N'Allen', N'Shepard', N'Ou@eU1.iTr', N'whhneky', N'Premium')
INSERT dbo.RegisteredUser(registeredUserName, registeredUserFirstName, registeredUserLastName, registeredUserEmail, registeredUserPassword, registeredUserType) VALUES (N'Jerry175', N'Adalberto', N'Larue', N'zP@YJQ.07P', N'fzbcxkvynsfjruyjx', N'Premium')
INSERT dbo.RegisteredUser(registeredUserName, registeredUserFirstName, registeredUserLastName, registeredUserEmail, registeredUserPassword, registeredUserType) VALUES (N'Abrams4', N'Erwin', N'Mcclure', N'H@_P.J4R', N'mwcxgi', N'Premium')
INSERT dbo.RegisteredUser(registeredUserName, registeredUserFirstName, registeredUserLastName, registeredUserEmail, registeredUserPassword, registeredUserType) VALUES (N'Abe9', N'Cleveland', N'Hanks', N'uK@j1.84x', N'ufqeknlodz', N'Premium')
INSERT dbo.RegisteredUser(registeredUserName, registeredUserFirstName, registeredUserLastName, registeredUserEmail, registeredUserPassword, registeredUserType) VALUES (N'Scotty85', N'Myrtis', N'Cleveland', N'U8@__0.UY', N'nupfck', N'Premium')
INSERT dbo.RegisteredUser(registeredUserName, registeredUserFirstName, registeredUserLastName, registeredUserEmail, registeredUserPassword, registeredUserType) VALUES (N'Wendi434', N'Ambrose', N'Herman', N'e@h6U.O8', N'xchefqmtnrmkfbcol', N'Premium')
INSERT dbo.RegisteredUser(registeredUserName, registeredUserFirstName, registeredUserLastName, registeredUserEmail, registeredUserPassword, registeredUserType) VALUES (N'Branham885', N'Consuelo', N'Faber', N'v@u6.99', N'ygadny', N'Premium')
INSERT dbo.RegisteredUser(registeredUserName, registeredUserFirstName, registeredUserLastName, registeredUserEmail, registeredUserPassword, registeredUserType) VALUES (N'Domingo2029', N'Mitchell', N'Lash', N'6@p_u.G0I', N'jxktunxurvbqwgstk', N'Premium')
INSERT dbo.RegisteredUser(registeredUserName, registeredUserFirstName, registeredUserLastName, registeredUserEmail, registeredUserPassword, registeredUserType) VALUES (N'Acevedo679', N'Myron', N'Van', N'h@h_1.WR', N'ywuhntkygxuia', N'Premium')
INSERT dbo.RegisteredUser(registeredUserName, registeredUserFirstName, registeredUserLastName, registeredUserEmail, registeredUserPassword, registeredUserType) VALUES (N'Malinda2004', N'Miki', N'Hermann', N'mv@nG._1d', N'okdzhfn', N'Premium')
INSERT dbo.RegisteredUser(registeredUserName, registeredUserFirstName, registeredUserLastName, registeredUserEmail, registeredUserPassword, registeredUserType) VALUES (N'Felix1961', N'Alina', N'Pannell', N'E@4Xl.2n9', N'fnvzbh', N'Premium')
INSERT dbo.RegisteredUser(registeredUserName, registeredUserFirstName, registeredUserLastName, registeredUserEmail, registeredUserPassword, registeredUserType) VALUES (N'Aldridge2029', N'Celina', N'Hanley', N'Dk@mh.x2y', N'vxiedul', N'Premium')
INSERT dbo.RegisteredUser(registeredUserName, registeredUserFirstName, registeredUserLastName, registeredUserEmail, registeredUserPassword, registeredUserType) VALUES (N'Hatley1953', N'Claude', N'Blais', N'_0@C5_._l', N'qllugkkmgmajba', N'Premium')
INSERT dbo.RegisteredUser(registeredUserName, registeredUserFirstName, registeredUserLastName, registeredUserEmail, registeredUserPassword, registeredUserType) VALUES (N'Arndt91', N'Aiko', N'Lassiter', N'o@vw.ZY0', N'aicecj', N'Premium')
INSERT dbo.RegisteredUser(registeredUserName, registeredUserFirstName, registeredUserLastName, registeredUserEmail, registeredUserPassword, registeredUserType) VALUES (N'Chery1961', N'Allan', N'Fagan', N'8v@86.R59', N'yqxgiysbjgruqlsv', N'Premium')
INSERT dbo.RegisteredUser(registeredUserName, registeredUserFirstName, registeredUserLastName, registeredUserEmail, registeredUserPassword, registeredUserType) VALUES (N'Meaghan12', N'Alvin', N'Hernandez', N'8@qj.haN', N'yymusfexjsfenrqqx', N'Premium')
INSERT dbo.RegisteredUser(registeredUserName, registeredUserFirstName, registeredUserLastName, registeredUserEmail, registeredUserPassword, registeredUserType) VALUES (N'Bottoms5', N'Tilda', N'Hanlon', N'fC@7_9._a', N'ctxkmz', N'Premium')
INSERT dbo.RegisteredUser(registeredUserName, registeredUserFirstName, registeredUserLastName, registeredUserEmail, registeredUserPassword, registeredUserType) VALUES (N'Acevedo1950', N'Ada', N'Clevenger', N'a@2_.R4I', N'hnjdtvjaaczabf', N'Premium')
INSERT dbo.RegisteredUser(registeredUserName, registeredUserFirstName, registeredUserLastName, registeredUserEmail, registeredUserPassword, registeredUserType) VALUES (N'Agatha2000', N'Jerold', N'Fahey', N'K@xK.ts', N'iaocls', N'Premium')
INSERT dbo.RegisteredUser(registeredUserName, registeredUserFirstName, registeredUserLastName, registeredUserEmail, registeredUserPassword, registeredUserType) VALUES (N'Labbe2006', N'Donnie', N'Hanna', N'_@sP.CTW', N'abkwnthefyu', N'Premium')
INSERT dbo.RegisteredUser(registeredUserName, registeredUserFirstName, registeredUserLastName, registeredUserEmail, registeredUserPassword, registeredUserType) VALUES (N'Alfaro463', N'Delmer', N'Blake', N'z@2z.bG', N'jybudafjtkatjfa', N'Premium')
INSERT dbo.RegisteredUser(registeredUserName, registeredUserFirstName, registeredUserLastName, registeredUserEmail, registeredUserPassword, registeredUserType) VALUES (N'Sylvester833', N'Jacqulyn', N'Shephard', N'R6@_AP.u_', N'qtkduflfchjfutvfm', N'Premium')
INSERT dbo.RegisteredUser(registeredUserName, registeredUserFirstName, registeredUserLastName, registeredUserEmail, registeredUserPassword, registeredUserType) VALUES (N'Abernathy2006', N'Suzi', N'Fain', N'Hr@1FG.4FG', N'rxzyqb', N'Premium')
INSERT dbo.RegisteredUser(registeredUserName, registeredUserFirstName, registeredUserLastName, registeredUserEmail, registeredUserPassword, registeredUserType) VALUES (N'Angulo2000', N'Jamaal', N'Mccollum', N'8@81.537', N'ivpnvidppxzgbxrgwqu', N'Premium')
INSERT dbo.RegisteredUser(registeredUserName, registeredUserFirstName, registeredUserLastName, registeredUserEmail, registeredUserPassword, registeredUserType) VALUES (N'Taisha1983', N'Zetta', N'Hannah', N'2_@m2.tZj', N'squvpubkeffisgreidgy', N'Premium')
INSERT dbo.RegisteredUser(registeredUserName, registeredUserFirstName, registeredUserLastName, registeredUserEmail, registeredUserPassword, registeredUserType) VALUES (N'Lemay2002', N'Adolph', N'Vanburen', N'S@3Ku._3', N'citrhlfxkmmw', N'Premium')
INSERT dbo.RegisteredUser(registeredUserName, registeredUserFirstName, registeredUserLastName, registeredUserEmail, registeredUserPassword, registeredUserType) VALUES (N'Minerva855', N'Deandre', N'Fairbanks', N'o@A1I.y_', N'uvgzlsac', N'Premium')
INSERT dbo.RegisteredUser(registeredUserName, registeredUserFirstName, registeredUserLastName, registeredUserEmail, registeredUserPassword, registeredUserType) VALUES (N'Stubblefield4', N'Holli', N'Click', N'_1@U2.2dQ', N'nqlej', N'Premium')
INSERT dbo.RegisteredUser(registeredUserName, registeredUserFirstName, registeredUserLastName, registeredUserEmail, registeredUserPassword, registeredUserType) VALUES (N'Jesse1965', N'Santo', N'Blakely', N'6@IY.2Ac', N'cldkgfwovyisdom', N'Premium')
INSERT dbo.RegisteredUser(registeredUserName, registeredUserFirstName, registeredUserLastName, registeredUserEmail, registeredUserPassword, registeredUserType) VALUES (N'Mcgrath2019', N'Omega', N'Shepherd', N'of@hBO.Wuk', N'jqhtcyvckzszf', N'Premium')
INSERT dbo.RegisteredUser(registeredUserName, registeredUserFirstName, registeredUserLastName, registeredUserEmail, registeredUserPassword, registeredUserType) VALUES (N'Purdy1990', N'Adolfo', N'Vance', N'dV@eE.xrB', N'fpgfzayz', N'Premium')
GO

--
-- Inserting data into table dbo.Album
--
INSERT dbo.Album(albumID, albumNum, albumName, artistID, albumReleaseDate, albumCoverImage) VALUES (1, 9, N'Conlifiedgor', 29, '1971-03-09', N'https://www.allereneme.mx/melean/ha/notion.htm#3')
INSERT dbo.Album(albumID, albumNum, albumName, artistID, albumReleaseDate, albumCoverImage) VALUES (2, 1, N'Projectry', 24, '1998-04-03', N'http://www.forines.au/to/inthe/artio/esbuterter.asp?id=779')
INSERT dbo.Album(albumID, albumNum, albumName, artistID, albumReleaseDate, albumCoverImage) VALUES (3, 15, N'Charcessridge', 26, '2011-05-07', N'http://www.hiyou.biz/neonthe/tioedter/ion/hinentingare.php?t=41')
INSERT dbo.Album(albumID, albumNum, albumName, artistID, albumReleaseDate, albumCoverImage) VALUES (4, 17, N'Ancyclfiphone', 2, '2012-07-26', N'https://www.reteyoued.kr/tohatwa/reallwas/thiststhis.asp?id=84')
INSERT dbo.Album(albumID, albumNum, albumName, artistID, albumReleaseDate, albumCoverImage) VALUES (5, 11, N'Transcessletor', 13, '2019-07-11', N'http://hadtha.at/and/uldonare/enithera/thitheuldea.asp')
INSERT dbo.Album(albumID, albumNum, albumName, artistID, albumReleaseDate, albumCoverImage) VALUES (6, 12, N'Confinder', 9, '1988-02-06', N'https://www.ndve.biz/hinhait/hatwitle/anhis.php')
INSERT dbo.Album(albumID, albumNum, albumName, artistID, albumReleaseDate, albumCoverImage) VALUES (7, 20, N'Speakcessfiry', 31, '1976-06-01', N'https://www.erathethated.nz/had/nearan/toionhis/notwaletio.asp')
INSERT dbo.Album(albumID, albumNum, albumName, artistID, albumReleaseDate, albumCoverImage) VALUES (8, 3, N'Transbanderator', 50, '2002-01-24', N'https://www.tintouron.eg/veissho/hadhad.html#8775')
INSERT dbo.Album(albumID, albumNum, albumName, artistID, albumReleaseDate, albumCoverImage) VALUES (9, 3, N'Transculgaentor', NULL, '1970-03-05', NULL)
INSERT dbo.Album(albumID, albumNum, albumName, artistID, albumReleaseDate, albumCoverImage) VALUES (10, 13, N'Armputplry', 46, '1992-10-26', N'https://www.tiwahathe.be/waorhin/tedre.asp')
INSERT dbo.Album(albumID, albumNum, albumName, artistID, albumReleaseDate, albumCoverImage) VALUES (11, 19, N'Amptecticlet', 33, '1993-04-01', N'http://www.tionethiar.us/and/hiionan/seera/ionhisevetha.asp?id=289')
INSERT dbo.Album(albumID, albumNum, albumName, artistID, albumReleaseDate, albumCoverImage) VALUES (12, 7, N'Speakholdor', 40, '1970-01-05', N'https://www.butan.br/wit/evehiand.asp')
INSERT dbo.Album(albumID, albumNum, albumName, artistID, albumReleaseDate, albumCoverImage) VALUES (13, 19, N'Ampmutator', 19, '2000-09-22', N'https://teinbutve.es/tefor/ithisea/notomehe/withaomere.htm')
INSERT dbo.Album(albumID, albumNum, albumName, artistID, albumReleaseDate, albumCoverImage) VALUES (14, 5, N'Concordridge', 44, '1970-01-01', N'http://eathbutnot.tr/andtioall/ea/at/entlearehe.htm#0036')
INSERT dbo.Album(albumID, albumNum, albumName, artistID, albumReleaseDate, albumCoverImage) VALUES (15, 10, N'Bitecteror', 14, '2011-07-22', N'https://www.witeaarher.fr/tihis/le/eve/alltihisere.asp')
INSERT dbo.Album(albumID, albumNum, albumName, artistID, albumReleaseDate, albumCoverImage) VALUES (16, 11, N'Chartinar', 25, '1978-10-29', N'https://teedthahat.at/omewitng/ithwastedoul.htm')
INSERT dbo.Album(albumID, albumNum, albumName, artistID, albumReleaseDate, albumCoverImage) VALUES (17, 9, N'Suplictry', 20, '1995-01-01', N'https://www.herterareen.ch/ndalleve/arereon/erebutnd/notneerahi.htm#2')
INSERT dbo.Album(albumID, albumNum, albumName, artistID, albumReleaseDate, albumCoverImage) VALUES (18, 3, N'Cleantinupon', 36, '1972-07-30', N'https://ereare.es/omendon/entith/thwaswas/thiinisar.html')
INSERT dbo.Album(albumID, albumNum, albumName, artistID, albumReleaseDate, albumCoverImage) VALUES (19, 18, N'Biplottra', 16, '2011-02-05', N'https://www.hadoulwitas.ar/ngoulent/te/thihislehin.html#01')
INSERT dbo.Album(albumID, albumNum, albumName, artistID, albumReleaseDate, albumCoverImage) VALUES (20, 7, N'Tweetceiventor', 16, '1970-03-24', N'http://www.ertewitted.com/herourter/henleneith.asp?id=678')
INSERT dbo.Album(albumID, albumNum, albumName, artistID, albumReleaseDate, albumCoverImage) VALUES (21, 13, N'Rewoofridge', 4, '1977-07-03', N'http://www.notithasbut.org/verhinnot/alveher/entitonome.html#5')
INSERT dbo.Album(albumID, albumNum, albumName, artistID, albumReleaseDate, albumCoverImage) VALUES (22, 4, N'Tablescope', 29, '1998-08-05', N'https://www.edas.br/atanhis/erehaes/arve.asp?id=750')
INSERT dbo.Album(albumID, albumNum, albumName, artistID, albumReleaseDate, albumCoverImage) VALUES (23, 1, N'Biwoofewer', 33, '1988-11-05', N'https://www.allndithth.dk/thenotre/ithalhat/ithmeto/eraalarera.php?t=20&p=6645')
INSERT dbo.Album(albumID, albumNum, albumName, artistID, albumReleaseDate, albumCoverImage) VALUES (24, 1, N'Conwoofor', 10, '1986-10-29', N'https://www.tioveerher.gr/at/isherforsho.php')
INSERT dbo.Album(albumID, albumNum, albumName, artistID, albumReleaseDate, albumCoverImage) VALUES (25, 7, N'Comfindar', 30, '1970-11-09', N'http://ngme.ae/our/atte/ndyouis/teerlees.html')
INSERT dbo.Album(albumID, albumNum, albumName, artistID, albumReleaseDate, albumCoverImage) VALUES (26, 11, N'Readleer', 38, '1976-03-12', N'https://areentan.nl/butingall/forereen/terhaent/herinednt.php')
INSERT dbo.Album(albumID, albumNum, albumName, artistID, albumReleaseDate, albumCoverImage) VALUES (27, 3, N'Speaklictollor', NULL, '2015-09-04', NULL)
INSERT dbo.Album(albumID, albumNum, albumName, artistID, albumReleaseDate, albumCoverImage) VALUES (28, 13, N'Chartectplentor', 9, '1970-03-29', N'https://noteraingle.ch/and/entourhis/hiserewas/thitio.aspx?id=254')
INSERT dbo.Album(albumID, albumNum, albumName, artistID, albumReleaseDate, albumCoverImage) VALUES (29, 2, N'Tabcyclar', 13, '2008-12-14', N'https://www.enis.biz/ne/andng/edwitti/neng.htm#4')
INSERT dbo.Album(albumID, albumNum, albumName, artistID, albumReleaseDate, albumCoverImage) VALUES (30, 8, N'Micniupor', 7, '1970-04-08', N'https://www.thiher.hu/at/edtedith/ater/forerearest.htm')
INSERT dbo.Album(albumID, albumNum, albumName, artistID, albumReleaseDate, albumCoverImage) VALUES (31, 5, N'Monjectscope', 23, '2015-01-18', N'http://www.eveerer.org/hadhad/veted.asp')
INSERT dbo.Album(albumID, albumNum, albumName, artistID, albumReleaseDate, albumCoverImage) VALUES (32, 18, N'Procordfier', NULL, '2004-08-28', NULL)
INSERT dbo.Album(albumID, albumNum, albumName, artistID, albumReleaseDate, albumCoverImage) VALUES (33, 19, N'Tabmuticer', 25, '2006-04-17', N'http://www.hinitharted.se/nehinent/ithwayouome.php?t=39')
INSERT dbo.Album(albumID, albumNum, albumName, artistID, albumReleaseDate, albumCoverImage) VALUES (34, 7, N'Micfindepator', 46, '1979-11-27', N'https://www.ereteritre.se/theed/ntwital/atheith/thaereallat.php?t=38')
INSERT dbo.Album(albumID, albumNum, albumName, artistID, albumReleaseDate, albumCoverImage) VALUES (35, 5, N'Continry', 41, '2013-04-01', N'http://www.hadndar.ca/shoereon/astheto/te/seineruld.php')
INSERT dbo.Album(albumID, albumNum, albumName, artistID, albumReleaseDate, albumCoverImage) VALUES (36, 5, N'Cabjectgaer', 40, '2006-04-18', N'https://tiohad.it/re/not/asit/witnotingse.asp?id=81')
INSERT dbo.Album(albumID, albumNum, albumName, artistID, albumReleaseDate, albumCoverImage) VALUES (37, 15, N'Tecycledger', 15, '1998-01-14', N'https://www.hiswitshothe.za/eswitto/ourhatng/isaruld.php?t=82&p=75')
INSERT dbo.Album(albumID, albumNum, albumName, artistID, albumReleaseDate, albumCoverImage) VALUES (38, 6, N'Speaklictphone', 22, '1986-06-25', N'http://www.ingtererenot.com/mean/ion/onhaome/sthinwasare.html#84')
INSERT dbo.Album(albumID, albumNum, albumName, artistID, albumReleaseDate, albumCoverImage) VALUES (39, 16, N'Armputry', 4, '1974-03-08', N'https://eaentndour.ua/or/al/isat/oulouralne.php?t=65&p=43')
INSERT dbo.Album(albumID, albumNum, albumName, artistID, albumReleaseDate, albumCoverImage) VALUES (40, 12, N'Cabholdor', 3, '1995-11-14', N'https://www.herveome.nl/forstoul/oran/erehen.htm#45')
INSERT dbo.Album(albumID, albumNum, albumName, artistID, albumReleaseDate, albumCoverImage) VALUES (41, 17, N'Speakputscope', 23, '2006-05-05', N'https://witomeenion.it/allteal/erato/thaesti/stareoural.aspx?id=903')
INSERT dbo.Album(albumID, albumNum, albumName, artistID, albumReleaseDate, albumCoverImage) VALUES (42, 15, N'Tabtaupator', NULL, '1970-08-20', NULL)
INSERT dbo.Album(albumID, albumNum, albumName, artistID, albumReleaseDate, albumCoverImage) VALUES (43, 6, N'Monfindor', 32, '1993-07-05', N'http://wasatedan.se/ourve/asverst/esngith/itleourre.php?t=53&p=3284')
INSERT dbo.Album(albumID, albumNum, albumName, artistID, albumReleaseDate, albumCoverImage) VALUES (44, 1, N'Monoceivaquon', 22, '1989-10-29', N'http://buthin.nz/isyouas/ver/asatometi.asp?id=722')
INSERT dbo.Album(albumID, albumNum, albumName, artistID, albumReleaseDate, albumCoverImage) VALUES (45, 8, N'Bitinlet', 9, '1970-05-22', N'https://www.waiswitth.ae/terand/titedes.htm')
INSERT dbo.Album(albumID, albumNum, albumName, artistID, albumReleaseDate, albumCoverImage) VALUES (46, 8, N'Cleantectoner', 34, '2017-02-21', N'http://henvere.it/arted/erearear/ngattoeve.php')
INSERT dbo.Album(albumID, albumNum, albumName, artistID, albumReleaseDate, albumCoverImage) VALUES (47, 9, N'Cableor', 32, '2017-08-21', N'http://www.waithyouuld.kr/to/ereere/seanhad/andsthaden.aspx')
INSERT dbo.Album(albumID, albumNum, albumName, artistID, albumReleaseDate, albumCoverImage) VALUES (48, 18, N'Playcyclon', 6, '1988-02-22', N'https://seingis.kr/toion/hi/hinhadne/forerve.asp')
INSERT dbo.Album(albumID, albumNum, albumName, artistID, albumReleaseDate, albumCoverImage) VALUES (49, 5, N'Printceivanphone', 22, '1995-03-02', N'https://www.tothaed.kr/his/asonanwas.asp?id=87')
INSERT dbo.Album(albumID, albumNum, albumName, artistID, albumReleaseDate, albumCoverImage) VALUES (50, 15, N'Comtopridge', NULL, '1997-02-22', NULL)
GO

--
-- Inserting data into table dbo.Playlist
--
INSERT dbo.Playlist(playlistID, playlistName, registeredUserName, playlistCreateDate, PlaylistDescription) VALUES (1, N'Retellopor', N'Abrams4', '1991-12-19', N'Dolor sed enim repellat iste.')
INSERT dbo.Playlist(playlistID, playlistName, registeredUserName, playlistCreateDate, PlaylistDescription) VALUES (2, N'Tabcessollator', N'Trent226', '1984-09-23', N'Sed ad non nihil sunt.')
INSERT dbo.Playlist(playlistID, playlistName, registeredUserName, playlistCreateDate, PlaylistDescription) VALUES (3, N'Playplottimry', N'Domingo2029', '2012-01-13', N'Impedit odio sed voluptatem maxime. Magnam ipsam voluptas.')
INSERT dbo.Playlist(playlistID, playlistName, registeredUserName, playlistCreateDate, PlaylistDescription) VALUES (4, N'Rewoofer', N'Abrams4', '1977-02-24', N'Voluptatem unde culpa voluptatem. Odit unde exercitationem! Nostrum est at.')
INSERT dbo.Playlist(playlistID, playlistName, registeredUserName, playlistCreateDate, PlaylistDescription) VALUES (5, N'Comcordphone', N'Labbe2006', '1990-04-27', N'Rem omnis; ipsa rerum quas provident. Aspernatur omnis voluptas...')
INSERT dbo.Playlist(playlistID, playlistName, registeredUserName, playlistCreateDate, PlaylistDescription) VALUES (6, N'Moncorder', N'Felix1961', '1974-06-06', N'Eum dolorem nihil eligendi veritatis.')
INSERT dbo.Playlist(playlistID, playlistName, registeredUserName, playlistCreateDate, PlaylistDescription) VALUES (7, N'Conculra', N'Minerva855', '2002-10-14', N'Quis aliquam et in eaque.')
INSERT dbo.Playlist(playlistID, playlistName, registeredUserName, playlistCreateDate, PlaylistDescription) VALUES (8, N'Prowoofimator', N'Agatha2000', '2004-09-13', N'Quidem ullam. Et iste ipsam distinctio. Voluptatem reprehenderit maxime earum.')
INSERT dbo.Playlist(playlistID, playlistName, registeredUserName, playlistCreateDate, PlaylistDescription) VALUES (9, N'Cleancessepridge', N'Brunilda8', '2020-12-25', N'Nostrum facilis sint. Voluptatem magni impedit temporibus odit.')
INSERT dbo.Playlist(playlistID, playlistName, registeredUserName, playlistCreateDate, PlaylistDescription) VALUES (10, N'Anjectadlet', N'Minerva855', '1971-11-05', N'Culpa ducimus harum exercitationem sit.')
INSERT dbo.Playlist(playlistID, playlistName, registeredUserName, playlistCreateDate, PlaylistDescription) VALUES (11, N'Tabpickra', N'Jesse1965', '2001-11-03', N'Perspiciatis dolorem voluptatem; omnis maiores. Perferendis iste explicabo.')
INSERT dbo.Playlist(playlistID, playlistName, registeredUserName, playlistCreateDate, PlaylistDescription) VALUES (12, N'Chartiner', N'Beau73', '2020-11-09', N'Aut atque ullam. Eveniet ut facilis sed? Et ipsum laudantium error asperiores...')
INSERT dbo.Playlist(playlistID, playlistName, registeredUserName, playlistCreateDate, PlaylistDescription) VALUES (13, N'Subjectra', N'Arsenault944', '2014-07-06', N'Qui laboriosam ratione voluptas qui. Atque repellendus? Enim maiores; numquam.')
INSERT dbo.Playlist(playlistID, playlistName, registeredUserName, playlistCreateDate, PlaylistDescription) VALUES (14, N'Antellgaer', N'Quintin42', '1972-07-11', N'Sit itaque. Sequi qui dolore maxime. Unde velit; quod voluptatem.')
INSERT dbo.Playlist(playlistID, playlistName, registeredUserName, playlistCreateDate, PlaylistDescription) VALUES (15, N'Tweetcessridge', N'Angulo2000', '2009-08-04', N'Beatae commodi. Est reprehenderit dolores repellendus. Voluptatibus aliquid!')
INSERT dbo.Playlist(playlistID, playlistName, registeredUserName, playlistCreateDate, PlaylistDescription) VALUES (16, N'Readfindonor', N'Stubblefield4', '1972-11-11', N'Qui accusamus provident voluptatem non.')
INSERT dbo.Playlist(playlistID, playlistName, registeredUserName, playlistCreateDate, PlaylistDescription) VALUES (17, N'Anputon', N'Abe9', '1985-11-28', N'Error ut. Qui error. Sequi ea cupiditate molestiae quaerat!')
INSERT dbo.Playlist(playlistID, playlistName, registeredUserName, playlistCreateDate, PlaylistDescription) VALUES (18, N'Reputicer', N'Swanson4', '1971-06-04', N'Ut et. Aut est sit impedit voluptas! Sint unde. Numquam doloribus...')
INSERT dbo.Playlist(playlistID, playlistName, registeredUserName, playlistCreateDate, PlaylistDescription) VALUES (19, N'Printmutphone', N'Hatley1953', '1976-12-15', N'Vel corrupti. Illo vel eaque voluptatem facere.')
INSERT dbo.Playlist(playlistID, playlistName, registeredUserName, playlistCreateDate, PlaylistDescription) VALUES (20, N'Supbandfiator', N'Lemay2002', '1999-04-03', N'Dolores voluptatum. Consequatur sint ab dolor eos.')
INSERT dbo.Playlist(playlistID, playlistName, registeredUserName, playlistCreateDate, PlaylistDescription) VALUES (21, N'Printculanry', NULL, '1991-08-26', NULL)
INSERT dbo.Playlist(playlistID, playlistName, registeredUserName, playlistCreateDate, PlaylistDescription) VALUES (22, N'Cleanputlet', N'Bottoms5', '2000-10-08', N'Quasi veritatis tempora qui facere.')
INSERT dbo.Playlist(playlistID, playlistName, registeredUserName, playlistCreateDate, PlaylistDescription) VALUES (23, N'Reniicon', N'Swanson4', '2015-09-25', N'Consequatur esse rem. Velit laboriosam qui. Et est et.')
INSERT dbo.Playlist(playlistID, playlistName, registeredUserName, playlistCreateDate, PlaylistDescription) VALUES (24, N'Tableaquer', N'Milliken2004', '2017-08-23', N'Aliquid rerum quis quaerat veniam.')
INSERT dbo.Playlist(playlistID, playlistName, registeredUserName, playlistCreateDate, PlaylistDescription) VALUES (25, N'Transculra', N'Scotty85', '1986-09-26', N'Qui id tempora corrupti assumenda. Quos natus; sed fuga. Voluptas ea! Et at...')
INSERT dbo.Playlist(playlistID, playlistName, registeredUserName, playlistCreateDate, PlaylistDescription) VALUES (26, N'Conlictator', N'Domingo2029', '2003-12-06', N'At deleniti quisquam ut. Ipsam repellendus sed voluptatem nulla; dolor.')
INSERT dbo.Playlist(playlistID, playlistName, registeredUserName, playlistCreateDate, PlaylistDescription) VALUES (27, N'Cabbanderor', N'Chery1961', '2012-02-07', N'Earum repellendus unde animi. Tempore perferendis. Facilis maxime. Sequi et.')
INSERT dbo.Playlist(playlistID, playlistName, registeredUserName, playlistCreateDate, PlaylistDescription) VALUES (28, N'Contoperphone', N'Emmy64', '2008-03-09', N'Adipisci sed mollitia itaque maiores; qui aut.')
INSERT dbo.Playlist(playlistID, playlistName, registeredUserName, playlistCreateDate, PlaylistDescription) VALUES (29, N'Chartellewator', N'Milliken2004', '2012-03-30', N'Fugit fugiat hic facere. Sapiente aut minus. Dignissimos est rerum et nemo.')
INSERT dbo.Playlist(playlistID, playlistName, registeredUserName, playlistCreateDate, PlaylistDescription) VALUES (30, N'Comlifilet', N'Jerry175', '2005-09-15', N'Optio qui unde sit repudiandae.')
INSERT dbo.Playlist(playlistID, playlistName, registeredUserName, playlistCreateDate, PlaylistDescription) VALUES (31, N'Armholdedridge', N'Alexandra2015', '2015-01-17', N'Voluptatem eaque eligendi velit. Quidem dolor? Atque impedit. Nisi ea?')
INSERT dbo.Playlist(playlistID, playlistName, registeredUserName, playlistCreateDate, PlaylistDescription) VALUES (32, N'Micniefscope', N'Taisha1983', '2010-03-27', N'Exercitationem ex vel omnis. Eveniet esse aut. Blanditiis laborum.')
INSERT dbo.Playlist(playlistID, playlistName, registeredUserName, playlistCreateDate, PlaylistDescription) VALUES (33, N'Tabcesson', N'Brunilda8', '1974-02-23', N'Veritatis unde aut. Similique et voluptatibus. Sint accusantium.')
INSERT dbo.Playlist(playlistID, playlistName, registeredUserName, playlistCreateDate, PlaylistDescription) VALUES (34, N'Translictewar', N'Lupita4', '1970-06-25', N'Aut quam consequuntur nihil doloremque. Aut ipsam earum recusandae.')
INSERT dbo.Playlist(playlistID, playlistName, registeredUserName, playlistCreateDate, PlaylistDescription) VALUES (35, N'Teceivollar', N'Margorie3', '1985-01-17', N'Eius corporis non quod cumque. Sunt sit; aut quisquam. Culpa exercitationem?')
INSERT dbo.Playlist(playlistID, playlistName, registeredUserName, playlistCreateDate, PlaylistDescription) VALUES (36, N'Cleantopommlet', N'Chery1961', '1973-11-14', N'Corporis explicabo libero. Omnis quod id quod incidunt!')
INSERT dbo.Playlist(playlistID, playlistName, registeredUserName, playlistCreateDate, PlaylistDescription) VALUES (37, N'Translictonator', N'Taisha1983', '1984-06-17', N'Necessitatibus rerum aut et dolorum. Et ipsam. Perspiciatis eos; vel totam.')
INSERT dbo.Playlist(playlistID, playlistName, registeredUserName, playlistCreateDate, PlaylistDescription) VALUES (38, N'Annioner', N'Alfaro463', '2019-05-13', N'Molestias repellendus voluptatem beatae iusto. Fugiat aliquid. Aut quia; iure...')
INSERT dbo.Playlist(playlistID, playlistName, registeredUserName, playlistCreateDate, PlaylistDescription) VALUES (39, N'Micpickry', N'Adelina79', '2005-11-25', N'Sunt enim dolores quasi. Tempora illum pariatur necessitatibus repudiandae!')
INSERT dbo.Playlist(playlistID, playlistName, registeredUserName, playlistCreateDate, PlaylistDescription) VALUES (40, N'Cleantopridge', N'Chery1961', '1990-02-26', N'Distinctio dolorem perspiciatis culpa. Iusto voluptas incidunt quae!')
INSERT dbo.Playlist(playlistID, playlistName, registeredUserName, playlistCreateDate, PlaylistDescription) VALUES (41, N'Comleommar', N'Wendi434', '2001-05-27', N'Ipsam magnam. Quod non deserunt. Autem et; tenetur officia? Harum unde.')
INSERT dbo.Playlist(playlistID, playlistName, registeredUserName, playlistCreateDate, PlaylistDescription) VALUES (42, N'Charcordimar', N'Travis2026', '2003-10-07', N'Amet accusantium et beatae a.')
INSERT dbo.Playlist(playlistID, playlistName, registeredUserName, playlistCreateDate, PlaylistDescription) VALUES (43, N'Proceiventor', N'Lupita4', '1981-10-17', N'Amet laudantium quae. Et debitis. Ea fuga. Enim quibusdam. Aut optio!')
INSERT dbo.Playlist(playlistID, playlistName, registeredUserName, playlistCreateDate, PlaylistDescription) VALUES (44, N'Monmutar', NULL, '1970-08-15', NULL)
INSERT dbo.Playlist(playlistID, playlistName, registeredUserName, playlistCreateDate, PlaylistDescription) VALUES (45, N'Charpicker', N'Arsenault944', '1993-12-18', N'Magnam quos qui laboriosam consectetur. Et molestias. Placeat neque. Quia.')
INSERT dbo.Playlist(playlistID, playlistName, registeredUserName, playlistCreateDate, PlaylistDescription) VALUES (46, N'Suplifier', N'Meaghan12', '1970-01-08', N'Atque iste nihil reprehenderit. Et repellendus dolores qui enim.')
INSERT dbo.Playlist(playlistID, playlistName, registeredUserName, playlistCreateDate, PlaylistDescription) VALUES (47, N'Stereocordon', N'Stubblefield4', '1971-04-14', N'Ut molestiae. Molestias optio iure perspiciatis obcaecati!')
INSERT dbo.Playlist(playlistID, playlistName, registeredUserName, playlistCreateDate, PlaylistDescription) VALUES (48, N'Bicycler', NULL, '1970-01-07', NULL)
INSERT dbo.Playlist(playlistID, playlistName, registeredUserName, playlistCreateDate, PlaylistDescription) VALUES (49, N'Transwooflet', NULL, '1970-04-06', NULL)
INSERT dbo.Playlist(playlistID, playlistName, registeredUserName, playlistCreateDate, PlaylistDescription) VALUES (50, N'Tabcordator', NULL, '2016-05-26', NULL)
GO

--
-- Inserting data into table dbo.Song
--
INSERT dbo.Song(songID, songName, songLength, songReleaseDate, albumNum, genreName) VALUES (1, N'Tweetpickedger', 22105, '1996-02-08', 35, N'abistvlhfzxem')
INSERT dbo.Song(songID, songName, songLength, songReleaseDate, albumNum, genreName) VALUES (2, N'Ampwoofedridge', 10517, '1971-07-24', 22, N'acqkhwoufmv')
INSERT dbo.Song(songID, songName, songLength, songReleaseDate, albumNum, genreName) VALUES (3, N'Armleator', 14975, '2012-10-08', 43, N'echoamnuq')
INSERT dbo.Song(songID, songName, songLength, songReleaseDate, albumNum, genreName) VALUES (4, N'Transniscope', 31846, '2019-02-25', 6, N'kzduptsrqonlcevf')
INSERT dbo.Song(songID, songName, songLength, songReleaseDate, albumNum, genreName) VALUES (5, N'Ampcycledgor', 14114, '1984-05-14', 2, N'm')
INSERT dbo.Song(songID, songName, songLength, songReleaseDate, albumNum, genreName) VALUES (6, N'Recordgalet', 284, '1970-01-06', 48, N'gtjqrmzv')
INSERT dbo.Song(songID, songName, songLength, songReleaseDate, albumNum, genreName) VALUES (7, N'Cabwoofoller', 14993, '2012-08-19', 15, N'gtjqrmzv')
INSERT dbo.Song(songID, songName, songLength, songReleaseDate, albumNum, genreName) VALUES (8, N'Printtascope', 31470, '1985-10-27', 15, N'vmyqxdgwtnockif')
INSERT dbo.Song(songID, songName, songLength, songReleaseDate, albumNum, genreName) VALUES (9, N'Subtoper', 28992, '1993-05-19', 1, N'gtjqrmzv')
INSERT dbo.Song(songID, songName, songLength, songReleaseDate, albumNum, genreName) VALUES (10, N'Comlifiadentor', 10152, '1970-01-01', 41, N'echoamnuz')
INSERT dbo.Song(songID, songName, songLength, songReleaseDate, albumNum, genreName) VALUES (11, N'Telifiator', 30680, '1991-09-15', 25, N'kzduptsrqonlcevy')
INSERT dbo.Song(songID, songName, songLength, songReleaseDate, albumNum, genreName) VALUES (12, N'Montopewer', 9232, '1985-12-01', 25, N'j')
INSERT dbo.Song(songID, songName, songLength, songReleaseDate, albumNum, genreName) VALUES (13, N'Rejectgaator', 30241, '1977-08-26', 5, N'dta')
INSERT dbo.Song(songID, songName, songLength, songReleaseDate, albumNum, genreName) VALUES (14, N'Cartcordon', 18163, '1984-03-09', 2, N'gtjqrmzv')
INSERT dbo.Song(songID, songName, songLength, songReleaseDate, albumNum, genreName) VALUES (15, N'Charcyclar', 12544, '1976-02-02', 42, N'j')
INSERT dbo.Song(songID, songName, songLength, songReleaseDate, albumNum, genreName) VALUES (16, N'Replottridge', 7219, '1995-01-03', 23, N'vmyqxdgwtnockir')
INSERT dbo.Song(songID, songName, songLength, songReleaseDate, albumNum, genreName) VALUES (17, N'Speakcordator', 11116, '2011-12-08', 39, NULL)
INSERT dbo.Song(songID, songName, songLength, songReleaseDate, albumNum, genreName) VALUES (18, N'Teculscope', 24851, '1999-09-10', 2, NULL)
INSERT dbo.Song(songID, songName, songLength, songReleaseDate, albumNum, genreName) VALUES (19, N'Ampcessopra', 6021, '1983-01-15', 25, N'aucr')
INSERT dbo.Song(songID, songName, songLength, songReleaseDate, albumNum, genreName) VALUES (20, N'Bitector', 17391, '1991-05-19', 29, N'dquxpgj')
INSERT dbo.Song(songID, songName, songLength, songReleaseDate, albumNum, genreName) VALUES (21, N'Speakholdimridge', 11442, '1971-09-01', 42, N'gtjqrmzv')
INSERT dbo.Song(songID, songName, songLength, songReleaseDate, albumNum, genreName) VALUES (22, N'Monplottor', 15020, '2016-11-01', 13, N'auci')
INSERT dbo.Song(songID, songName, songLength, songReleaseDate, albumNum, genreName) VALUES (23, N'Speakmutewentor', 577, '1998-04-19', 38, N'aucv')
INSERT dbo.Song(songID, songName, songLength, songReleaseDate, albumNum, genreName) VALUES (24, N'Cabtaator', 26160, '1970-03-20', 8, N'vmyqxdgwtnockir')
INSERT dbo.Song(songID, songName, songLength, songReleaseDate, albumNum, genreName) VALUES (25, N'Tableimar', 24010, '1973-03-17', 22, N'gtjqrmzv')
INSERT dbo.Song(songID, songName, songLength, songReleaseDate, albumNum, genreName) VALUES (26, N'Playtellinra', 11767, '1986-02-08', NULL, N'hwkdgmsjovlcqz')
INSERT dbo.Song(songID, songName, songLength, songReleaseDate, albumNum, genreName) VALUES (27, N'Printjectedry', 15540, '2010-02-23', 45, N'iubeoc')
INSERT dbo.Song(songID, songName, songLength, songReleaseDate, albumNum, genreName) VALUES (28, N'Playlifiaquentor', 2242, '1972-04-22', 45, N'gtjqrmzv')
INSERT dbo.Song(songID, songName, songLength, songReleaseDate, albumNum, genreName) VALUES (29, N'Telifiar', 6050, '1999-12-22', NULL, N'vmyqxdgwtnockih')
INSERT dbo.Song(songID, songName, songLength, songReleaseDate, albumNum, genreName) VALUES (30, N'Supcordader', 17753, '2006-10-14', 46, N'iubeoc')
INSERT dbo.Song(songID, songName, songLength, songReleaseDate, albumNum, genreName) VALUES (31, N'Montaor', 15592, '1972-04-16', 42, N'gtjqrmzv')
INSERT dbo.Song(songID, songName, songLength, songReleaseDate, albumNum, genreName) VALUES (32, N'Monocycledger', 16487, '1996-05-15', 39, N'acqkhwoufme')
INSERT dbo.Song(songID, songName, songLength, songReleaseDate, albumNum, genreName) VALUES (33, N'Monoteller', 26401, '2006-01-13', 9, N'goznqucrdfexslyjtkwh')
INSERT dbo.Song(songID, songName, songLength, songReleaseDate, albumNum, genreName) VALUES (34, N'Playleor', 28147, '1985-11-30', 39, N'dquxpgw')
INSERT dbo.Song(songID, songName, songLength, songReleaseDate, albumNum, genreName) VALUES (35, N'Cabcordfiar', 28584, '1975-04-15', 26, NULL)
INSERT dbo.Song(songID, songName, songLength, songReleaseDate, albumNum, genreName) VALUES (36, N'Bibander', 27888, '1982-11-18', 39, N'vmyqxdgwtnockil')
INSERT dbo.Song(songID, songName, songLength, songReleaseDate, albumNum, genreName) VALUES (37, N'Chartectadentor', 20302, '1994-04-06', 49, N'aucy')
INSERT dbo.Song(songID, songName, songLength, songReleaseDate, albumNum, genreName) VALUES (38, N'Readcessator', 12372, '1992-01-22', 40, N'acqkhwoufme')
INSERT dbo.Song(songID, songName, songLength, songReleaseDate, albumNum, genreName) VALUES (39, N'Anbandor', 30962, '2007-05-30', 46, N'fgowaqtryl')
INSERT dbo.Song(songID, songName, songLength, songReleaseDate, albumNum, genreName) VALUES (40, N'Cabcessinor', 10953, '2006-02-12', 42, N'dquxpgh')
INSERT dbo.Song(songID, songName, songLength, songReleaseDate, albumNum, genreName) VALUES (41, N'Monbandar', 3230, '1970-03-31', 49, N'goznqucrdfexslyjtkwi')
INSERT dbo.Song(songID, songName, songLength, songReleaseDate, albumNum, genreName) VALUES (42, N'Moncorder', 2553, '1995-01-23', 41, N'j')
INSERT dbo.Song(songID, songName, songLength, songReleaseDate, albumNum, genreName) VALUES (43, N'Carttectator', 1474, '1985-01-13', 36, N'mhgjwridscex')
INSERT dbo.Song(songID, songName, songLength, songReleaseDate, albumNum, genreName) VALUES (44, N'Supcessgaon', 11307, '1998-08-19', 24, N'aucy')
INSERT dbo.Song(songID, songName, songLength, songReleaseDate, albumNum, genreName) VALUES (45, N'Continscope', 13580, '1984-01-17', 34, NULL)
INSERT dbo.Song(songID, songName, songLength, songReleaseDate, albumNum, genreName) VALUES (46, N'Bicyclommon', 24544, '1994-04-11', 16, N'dquxpgj')
INSERT dbo.Song(songID, songName, songLength, songReleaseDate, albumNum, genreName) VALUES (47, N'Armfindra', 27555, '1970-03-06', 15, N'hwkdgmsjovlcqx')
INSERT dbo.Song(songID, songName, songLength, songReleaseDate, albumNum, genreName) VALUES (48, N'Cartnior', 12805, '1976-04-30', NULL, N'hwkdgmsjovlcqx')
INSERT dbo.Song(songID, songName, songLength, songReleaseDate, albumNum, genreName) VALUES (49, N'Monobandra', 28137, '2006-06-18', NULL, N'dquxpgh')
INSERT dbo.Song(songID, songName, songLength, songReleaseDate, albumNum, genreName) VALUES (50, N'Armtinedgphone', 28975, '1985-04-21', NULL, NULL)
GO

--
-- Inserting data into table dbo.PerformingArtist
--
INSERT dbo.PerformingArtist(songID, artistNum) VALUES (47, 47)
INSERT dbo.PerformingArtist(songID, artistNum) VALUES (9, 9)
INSERT dbo.PerformingArtist(songID, artistNum) VALUES (18, 18)
INSERT dbo.PerformingArtist(songID, artistNum) VALUES (4, 4)
INSERT dbo.PerformingArtist(songID, artistNum) VALUES (28, 28)
INSERT dbo.PerformingArtist(songID, artistNum) VALUES (50, 50)
INSERT dbo.PerformingArtist(songID, artistNum) VALUES (45, 45)
INSERT dbo.PerformingArtist(songID, artistNum) VALUES (48, 48)
INSERT dbo.PerformingArtist(songID, artistNum) VALUES (46, 46)
INSERT dbo.PerformingArtist(songID, artistNum) VALUES (23, 23)
INSERT dbo.PerformingArtist(songID, artistNum) VALUES (13, 13)
INSERT dbo.PerformingArtist(songID, artistNum) VALUES (19, 19)
INSERT dbo.PerformingArtist(songID, artistNum) VALUES (42, 42)
INSERT dbo.PerformingArtist(songID, artistNum) VALUES (14, 14)
INSERT dbo.PerformingArtist(songID, artistNum) VALUES (20, 20)
INSERT dbo.PerformingArtist(songID, artistNum) VALUES (49, 49)
INSERT dbo.PerformingArtist(songID, artistNum) VALUES (15, 15)
INSERT dbo.PerformingArtist(songID, artistNum) VALUES (37, 37)
INSERT dbo.PerformingArtist(songID, artistNum) VALUES (43, 43)
INSERT dbo.PerformingArtist(songID, artistNum) VALUES (21, 21)
INSERT dbo.PerformingArtist(songID, artistNum) VALUES (29, 29)
INSERT dbo.PerformingArtist(songID, artistNum) VALUES (38, 38)
INSERT dbo.PerformingArtist(songID, artistNum) VALUES (10, 10)
INSERT dbo.PerformingArtist(songID, artistNum) VALUES (16, 16)
INSERT dbo.PerformingArtist(songID, artistNum) VALUES (5, 5)
INSERT dbo.PerformingArtist(songID, artistNum) VALUES (11, 11)
INSERT dbo.PerformingArtist(songID, artistNum) VALUES (24, 24)
INSERT dbo.PerformingArtist(songID, artistNum) VALUES (30, 30)
INSERT dbo.PerformingArtist(songID, artistNum) VALUES (25, 25)
INSERT dbo.PerformingArtist(songID, artistNum) VALUES (22, 22)
INSERT dbo.PerformingArtist(songID, artistNum) VALUES (44, 44)
INSERT dbo.PerformingArtist(songID, artistNum) VALUES (6, 6)
INSERT dbo.PerformingArtist(songID, artistNum) VALUES (31, 31)
INSERT dbo.PerformingArtist(songID, artistNum) VALUES (39, 39)
INSERT dbo.PerformingArtist(songID, artistNum) VALUES (26, 26)
INSERT dbo.PerformingArtist(songID, artistNum) VALUES (32, 32)
INSERT dbo.PerformingArtist(songID, artistNum) VALUES (17, 17)
INSERT dbo.PerformingArtist(songID, artistNum) VALUES (12, 12)
INSERT dbo.PerformingArtist(songID, artistNum) VALUES (1, 1)
INSERT dbo.PerformingArtist(songID, artistNum) VALUES (34, 34)
INSERT dbo.PerformingArtist(songID, artistNum) VALUES (40, 40)
INSERT dbo.PerformingArtist(songID, artistNum) VALUES (27, 27)
INSERT dbo.PerformingArtist(songID, artistNum) VALUES (33, 33)
INSERT dbo.PerformingArtist(songID, artistNum) VALUES (7, 7)
INSERT dbo.PerformingArtist(songID, artistNum) VALUES (35, 35)
INSERT dbo.PerformingArtist(songID, artistNum) VALUES (41, 41)
INSERT dbo.PerformingArtist(songID, artistNum) VALUES (36, 36)
INSERT dbo.PerformingArtist(songID, artistNum) VALUES (2, 2)
INSERT dbo.PerformingArtist(songID, artistNum) VALUES (8, 8)
INSERT dbo.PerformingArtist(songID, artistNum) VALUES (3, 3)
GO

--
-- Inserting data into table dbo.PlaylistSong
--
INSERT dbo.PlaylistSong(playlistID, songID) VALUES (47, 47)
INSERT dbo.PlaylistSong(playlistID, songID) VALUES (9, 9)
INSERT dbo.PlaylistSong(playlistID, songID) VALUES (18, 18)
INSERT dbo.PlaylistSong(playlistID, songID) VALUES (4, 4)
INSERT dbo.PlaylistSong(playlistID, songID) VALUES (28, 28)
INSERT dbo.PlaylistSong(playlistID, songID) VALUES (50, 50)
INSERT dbo.PlaylistSong(playlistID, songID) VALUES (45, 45)
INSERT dbo.PlaylistSong(playlistID, songID) VALUES (48, 48)
INSERT dbo.PlaylistSong(playlistID, songID) VALUES (46, 46)
INSERT dbo.PlaylistSong(playlistID, songID) VALUES (23, 23)
INSERT dbo.PlaylistSong(playlistID, songID) VALUES (13, 13)
INSERT dbo.PlaylistSong(playlistID, songID) VALUES (19, 19)
INSERT dbo.PlaylistSong(playlistID, songID) VALUES (42, 42)
INSERT dbo.PlaylistSong(playlistID, songID) VALUES (14, 14)
INSERT dbo.PlaylistSong(playlistID, songID) VALUES (20, 20)
INSERT dbo.PlaylistSong(playlistID, songID) VALUES (49, 49)
INSERT dbo.PlaylistSong(playlistID, songID) VALUES (15, 15)
INSERT dbo.PlaylistSong(playlistID, songID) VALUES (37, 37)
INSERT dbo.PlaylistSong(playlistID, songID) VALUES (43, 43)
INSERT dbo.PlaylistSong(playlistID, songID) VALUES (21, 21)
INSERT dbo.PlaylistSong(playlistID, songID) VALUES (29, 29)
INSERT dbo.PlaylistSong(playlistID, songID) VALUES (38, 38)
INSERT dbo.PlaylistSong(playlistID, songID) VALUES (10, 10)
INSERT dbo.PlaylistSong(playlistID, songID) VALUES (16, 16)
INSERT dbo.PlaylistSong(playlistID, songID) VALUES (5, 5)
INSERT dbo.PlaylistSong(playlistID, songID) VALUES (11, 11)
INSERT dbo.PlaylistSong(playlistID, songID) VALUES (24, 24)
INSERT dbo.PlaylistSong(playlistID, songID) VALUES (30, 30)
INSERT dbo.PlaylistSong(playlistID, songID) VALUES (25, 25)
INSERT dbo.PlaylistSong(playlistID, songID) VALUES (22, 22)
INSERT dbo.PlaylistSong(playlistID, songID) VALUES (44, 44)
INSERT dbo.PlaylistSong(playlistID, songID) VALUES (6, 6)
INSERT dbo.PlaylistSong(playlistID, songID) VALUES (31, 31)
INSERT dbo.PlaylistSong(playlistID, songID) VALUES (39, 39)
INSERT dbo.PlaylistSong(playlistID, songID) VALUES (26, 26)
INSERT dbo.PlaylistSong(playlistID, songID) VALUES (32, 32)
INSERT dbo.PlaylistSong(playlistID, songID) VALUES (17, 17)
INSERT dbo.PlaylistSong(playlistID, songID) VALUES (12, 12)
INSERT dbo.PlaylistSong(playlistID, songID) VALUES (1, 1)
INSERT dbo.PlaylistSong(playlistID, songID) VALUES (34, 34)
INSERT dbo.PlaylistSong(playlistID, songID) VALUES (40, 40)
INSERT dbo.PlaylistSong(playlistID, songID) VALUES (27, 27)
INSERT dbo.PlaylistSong(playlistID, songID) VALUES (33, 33)
INSERT dbo.PlaylistSong(playlistID, songID) VALUES (7, 7)
INSERT dbo.PlaylistSong(playlistID, songID) VALUES (35, 35)
INSERT dbo.PlaylistSong(playlistID, songID) VALUES (41, 41)
INSERT dbo.PlaylistSong(playlistID, songID) VALUES (36, 36)
INSERT dbo.PlaylistSong(playlistID, songID) VALUES (2, 2)
INSERT dbo.PlaylistSong(playlistID, songID) VALUES (8, 8)
INSERT dbo.PlaylistSong(playlistID, songID) VALUES (3, 3)
GO

--
-- Set NOEXEC to off
--

SET NOEXEC OFF
GO